Title,Description,Status,Priority,Assignee,Labels,Estimate
"HA-01 Khởi tạo repository và skeleton","Tạo package cyberhub_manager; gitignore; env mẫu; docker-compose pin mysql:8.4; README setup. DoD: cả nhóm clone và khởi động môi trường được.","Backlog","High","Hoàng Anh","chore,database,P0,S0-foundation",3
"HA-02 ERD và initial schema","Schema MySQL InnoDB/utf8mb4; 8 bảng P0; PK/FK/UNIQUE/CHECK/index; tiền BIGINT; generated column + unique index chống active session trùng machine/customer. Dependency: HA-01.","Backlog","High","Hoàng Anh","feature,database,P0,S0-foundation",5
"HA-03 Migration và seed demo","Init/seed idempotent; 1 store; 1 manager; 2 staff; 20 machines; 5 customers; password hash. Dependency: HA-02.","Backlog","High","Hoàng Anh","feature,database,P0,S0-foundation",3
"HA-04 MySQL connection và transaction manager","Connection pool/factory; env credential; charset/timezone; timeout; begin/commit/rollback; rollback test. Dependency: HA-02.","Backlog","High","Hoàng Anh","feature,backend,P0,S0-foundation",5
"HA-05 Auth repository và role data","Parameterized employee lookup; active store/user; không trả password cho UI. Dependency: HA-03 HA-04.","Backlog","High","Hoàng Anh","feature,backend,P0,S1-customer",3
"HA-06 Customer và account repositories","Create/get/search/update/status customer; account balance/history; khóa không mất lịch sử; repository không commit. Dependency: HA-04 LI-01.","Backlog","High","Hoàng Anh","feature,backend,P0,S1-customer",5
"HA-07 Machine và session repositories","Create/update/maintenance/archive machine; list by store; session repository; không hard delete history. Dependency: HA-04.","Backlog","High","Hoàng Anh","feature,backend,P0,S2-session",5
"HA-08 Billing invoice revenue repositories","Transaction insert; unique invoice; filter; daily paid revenue query. Dependency: HA-06 HA-07.","Backlog","High","Hoàng Anh","feature,backend,P0,S3-release",5
"HA-09 Review DB đóng gói và query","Review transaction/SELECT FOR UPDATE; EXPLAIN/index; chuẩn hóa setup/run/package trên máy sạch. Dependency: LI-07 HA-08.","Backlog","High","Hoàng Anh","testing,database,P0,S3-release",5
"HA-10 ERD và data dictionary báo cáo","ERD cuối; PK FK cardinality; normalization; transaction explanation. Dependency: HA-09.","Backlog","Medium","Hoàng Anh","docs,database,P0,S3-release",2
"HA-11 Login UI và Auth integration","Implement login_view bằng theme/component NG-01; show/hide password; loading; Enter submit; gọi AuthService; Ngát review UI và Linh review behavior. Dependency: NG-01 HA-05 LI-03; có thể bắt đầu bằng mock LI-02.","Backlog","High","Hoàng Anh","feature,frontend,P0,S1-customer",3
"LI-01 Domain models enums exceptions","Tạo model/DTO/enum/exception và Class Diagram; không phụ thuộc UI; đủ dữ liệu cho mock.","Backlog","High","Linh","feature,business,P0,S0-foundation",3
"LI-02 Service contracts và mock services","Khóa input/output/error; mock success empty validation conflict cho UI. Dependency: LI-01.","Backlog","High","Linh","chore,business,P0,S0-foundation",3
"LI-03 Auth và customer services","Login; customer create/search/update/status; role check; customer+account atomic. Dependency: HA-05 HA-06 LI-01.","Backlog","High","Linh","feature,business,P0,S1-customer",5
"LI-04 Wallet top-up service","Nạp tiền; history; atomic balance+transaction; rollback test; promotion feature flag. Dependency: HA-06 HA-04.","Backlog","High","Linh","feature,business,P0,S1-customer",5
"LI-05 Machine service và permission","List/create/update/maintenance/archive; role/store check; giữ lịch sử; chặn máy IN_USE. Dependency: HA-07.","Backlog","High","Linh","feature,business,P0,S2-session",3
"LI-06 Open session và live estimate","Preview/open; min 30 phút; estimated duration; transaction; Activity Diagram; handle conflict. Dependency: HA-07 LI-04 LI-05.","Backlog","High","Linh","feature,business,P0,S2-session",5
"LI-07 Checkout và invoice orchestration","Preview; ceil cost; settlement; one transaction; invoice unique; Activity Diagram; boundary tests. Dependency: HA-08 LI-06.","Backlog","High","Linh","feature,business,P0,S3-release",8
"LI-08 Report service","Invoice filters; date validation; paid revenue by store. Dependency: HA-08.","Backlog","High","Linh","feature,business,P0,S3-release",3
"LI-09 Automated và acceptance tests","Unit/integration tests; điều phối manual checklist/evidence; isolated DB; one test command. Dependency: LI-03..LI-08.","Backlog","High","Linh","testing,business,P0,S3-release",7
"LI-10 Error mapping và stabilization","Chuẩn exception/message; map MySQL duplicate key/deadlock/lock timeout; all tests pass. Dependency: NG-08 LI-09.","Backlog","High","Linh","bug,business,P0,S3-release",3
"NG-01 Design system và components","Theme tokens; buttons; inputs; badges; table; dialog; toast; machine card; screenshot 1280x720.","Backlog","High","Ngát","feature,frontend,P0,S0-foundation",3
"NG-02 App shell và navigation","Sidebar; header; content routing; role-based menu; logout; phối hợp HA-11 cho Login-App shell transition. Dependency: NG-01 LI-02.","Backlog","High","Ngát","feature,frontend,P0,S1-customer",3
"NG-03 Dashboard và quản lý máy","Dashboard grid/live warning; Manager UI thêm/sửa/bảo trì/archive; role/error states. Dependency: NG-01 LI-05 LI-06.","Backlog","High","Ngát","feature,frontend,P0,S2-session",8
"NG-04 Khách hàng và nạp tiền UI","Search/table; create/edit/status; role action; top-up; history; validation. Dependency: LI-03 LI-04.","Backlog","High","Ngát","feature,frontend,P0,S1-customer",8
"NG-05 Open session dialog","Select customer; preview; insufficient balance CTA; refresh on success. Dependency: NG-03 LI-06.","Backlog","High","Ngát","feature,frontend,P0,S2-session",5
"NG-06 Checkout và receipt dialog","Preview; settlement; payment method; confirm; unique retry; receipt. Dependency: LI-07 NG-03.","Backlog","High","Ngát","feature,frontend,P0,S3-release",8
"NG-07 Hóa đơn và doanh thu UI","Invoice filters/detail; date range; KPI; daily table; all UI states. Dependency: LI-08.","Backlog","High","Ngát","feature,frontend,P0,S3-release",5
"NG-08 UI error states integration sweep","Exception mapping; keyboard; loading/disabled; remove mocks; theme consistency. Dependency: NG-02..NG-07 LI-10.","Backlog","High","Ngát","testing,frontend,P0,S3-release",3
"NG-09 Demo UI assets","Screenshots; video/demo script; presentation data; known limitations; bàn giao evidence cho LI-09. Dependency: NG-08 HA-09 LI-09.","Backlog","High","Ngát","testing,docs,P0,S3-release",2
